0;0.0;0.9999979999999999
0;0.0;0.9999979999999999
0;0.0;0.9999979999999999
0;0.0;0.9999979999999999
0;0.0;0.9999979999999999
0;0.0;0.9999979999999999
0;0.0;0.9999979999999999
0;0.0;0.9999979999999999
0;0.0;0.9999979999999999
0;0.0;0.9999979999999999
0;0.0;0.9999979999999999
2990;0.0;0.9999979999999999
7467;0.0;0.9999979999999999
11868;0.0;0.9999979999999999
16297;0.0;0.9999979999999999
20732;0.0;0.9999979999999999
25155;0.0;0.9999979999999999
29566;0.0;0.9999979999999999
33978;0.0;0.9999979999999999
38408;0.0;0.9999979999999999
42880;0.0;0.9999979999999999
47253;0.0;0.9999979999999999
51672;0.0;0.9999979999999999
56072;0.0;0.9999979999999999
60483;0.0;0.9999979999999999
64906;0.0;0.9999979999999999
69320;0.0;0.9999979999999999
73737;0.0;0.9999979999999999
78161;0.0;0.9999979999999999
82600;0.0;0.9999979999999999
87011;0.0;0.9999979999999999
91432;0.0;0.9999979999999999
95851;0.0;0.9999979999999999
100270;0.0;0.9999979999999999
104683;0.0;0.9999979999999999
109118;0.0;0.9999979999999999
113524;0.0;0.9999979999999999
117939;0.0;0.9999979999999999
122381;0.0;0.9999979999999999
126788;0.0;0.9999979999999999
131242;0.0;0.9999979999999999
135659;0.0;0.9999979999999999
140093;0.0;0.9999979999999999
144498;0.0;0.9999979999999999
148887;0.0;0.9999979999999999
153314;0.0;0.9999979999999999
157719;0.0;0.9999979999999999
162174;0.0;0.9999979999999999
166568;0.0;0.9999979999999999
171008;0.0;0.9999979999999999
175450;0.0;0.9999979999999999
179905;0.0;0.9999979999999999
184339;0.0;0.9999979999999999
188752;0.0;0.9999979999999999
193162;0.0;0.9999979999999999
197569;0.0;0.9999979999999999
201986;0.0;0.9999979999999999
206408;0.0;0.9999979999999999
210788;0.0;0.9999979999999999
215194;0.0;0.9999979999999999
219618;0.0;0.9999979999999999
224028;0.0;0.9999979999999999
228477;0.0;0.9999979999999999
232930;0.0;0.9999979999999999
237329;0.0;0.9999979999999999
241701;0.0;0.9999979999999999
246131;0.0;0.9999979999999999
250599;0.0;0.9999979999999999
254998;0.0;0.9999979999999999
259419;0.0;0.9999979999999999
263859;0.0;0.9999979999999999
268263;0.0;0.9999979999999999
272700;0.0;0.9999979999999999
277147;0.0;0.9999979999999999
281561;0.0;0.9999979999999999
285956;0.0;0.9999979999999999
290388;0.0;0.9999979999999999
294816;0.0;0.9999979999999999
299214;0.0;0.9999979999999999
303645;0.0;0.9999979999999999
308079;0.0;0.9999979999999999
312492;0.0;0.9999979999999999
316919;0.0;0.9999979999999999
321304;0.0;0.9999979999999999
325739;0.0;0.9999979999999999
330165;0.0;0.9999979999999999
334585;0.0;0.9999979999999999
339030;0.0;0.9999979999999999
343449;0.0;0.9999979999999999
347907;0.0;0.9999979999999999
352374;0.0;0.9999979999999999
356792;0.0;0.9999979999999999
361225;0.0;0.9999979999999999
365647;0.0;0.9999979999999999
370054;0.0;0.9999979999999999
374468;0.0;0.9999979999999999
378880;0.0;0.9999979999999999
383267;0.0;0.9999979999999999
387693;0.0;0.9999979999999999
392106;0.0;0.9999979999999999
396545;0.0;0.9999979999999999
400986;0.0;0.9999979999999999
405419;0.0;0.9999979999999999
409855;0.0;0.9999979999999999
414298;0.0;0.9999979999999999
418739;0.0;0.9999979999999999
423194;0.0;0.9999979999999999
427602;0.0;0.9999979999999999
432062;1.0;0.9999979999999999
436480;0.0;0.9999979999999999
440876;2.0;0.9999979999999999
445291;0.0;0.9999979999999999
449704;0.0;0.9999979999999999
454138;5.0;0.9999979999999999
458558;0.0;0.9999979999999999
462963;0.0;0.9999979999999999
467403;0.0;0.9999979999999999
471834;14.0;0.9999979999999999
476252;9.0;0.9999979999999999
480684;25.0;0.9999979999999999
485103;25.0;0.9999979999999999
489515;0.0;0.9999979999999999
493906;10.0;0.9999979999999999
498318;3.0;0.9999979999999999
502750;12.0;0.9999979999999999
507199;8.0;0.9999979999999999
511637;8.0;0.9999979999999999
516068;0.0;0.9999979999999999
520497;10.0;0.9999979999999999
524915;6.0;0.9999979999999999
529342;5.0;0.9999979999999999
533741;2.0;0.9999979999999999
538127;2.0;0.9999979999999999
542554;10.0;0.9999979999999999
547009;8.0;0.9999979999999999
551376;6.0;0.9999979999999999
555781;6.0;0.9999979999999999
560215;6.0;0.9999979999999999
564634;10.0;0.9999979999999999
569095;1.0;0.9999979999999999
573489;3.0;0.9999979999999999
577914;3.0;0.9999979999999999
582332;0.0;0.9999979999999999
586754;0.0;0.9999979999999999
591198;0.0;0.9999979999999999
595635;7.0;0.9999979999999999
600047;8.0;0.9999979999999999
604472;5.0;0.9999979999999999
608897;0.0;0.9999979999999999
613338;1.0;0.9999979999999999
617786;0.0;0.9999979999999999
622220;0.0;0.9999979999999999
626660;1.0;0.9999979999999999
631069;11.0;0.9999979999999999
635503;5.0;0.9999979999999999
639931;1.0;0.9999979999999999
644363;0.0;0.9999979999999999
648766;1.0;0.9999979999999999
653173;0.0;0.9999979999999999
657606;0.0;0.9999979999999999
662037;0.0;0.9999979999999999
666490;0.0;0.9999979999999999
670927;0.0;0.9999979999999999
675349;0.0;0.9999979999999999
679768;19.0;0.9999979999999999
684143;0.0;0.9999979999999999
688570;3.0;0.9999979999999999
693009;0.0;0.9999979999999999
697455;3.0;0.9999979999999999
701892;0.0;0.9999979999999999
706327;1.0;0.9999979999999999
710797;2.0;0.9999979999999999
715237;0.0;0.9999979999999999
719663;0.0;0.9999979999999999
724117;0.0;0.9999979999999999
728503;0.0;0.9999979999999999
732978;3.0;0.9999979999999999
737413;0.0;0.9999979999999999
741825;0.0;0.9999979999999999
746231;3.0;0.9999979999999999
750633;1.0;0.9999979999999999
755047;0.0;0.9999979999999999
759467;12.0;0.9999979999999999
763904;13.0;0.9999979999999999
768330;13.0;0.9999979999999999
772786;6.0;0.9999979999999999
777207;3.0;0.9999979999999999
781610;0.0;0.9999979999999999
786040;6.0;0.9999979999999999
790454;0.0;0.9999979999999999
794874;0.0;0.9999979999999999
799298;0.0;0.9999979999999999
803710;3.0;0.9999979999999999
808145;3.0;0.9999979999999999
812592;0.0;0.9999979999999999
817013;1.0;0.9999979999999999
821464;7.0;0.9999979999999999
825861;0.0;0.9999979999999999
830300;14.0;0.9999979999999999
834740;5.0;0.9999979999999999
839158;1.0;0.9999979999999999
843575;2.0;0.9999979999999999
848007;0.0;0.9999979999999999
852405;12.0;0.9999979999999999
856845;3.0;0.9999979999999999
861249;12.0;0.9999979999999999
865679;1.0;0.9999979999999999
870066;2.0;0.9999979999999999
874496;0.0;0.9999979999999999
878945;0.0;0.9999979999999999
883360;19.0;0.9999979999999999
887850;13.0;0.9999979999999999
892245;4.0;0.9999979999999999
896660;22.0;0.9999979999999999
901063;7.0;0.9999979999999999
905498;1.0;0.9999979999999999
909923;10.0;0.9999979999999999
914356;11.0;0.9999979999999999
918757;2.0;0.9999979999999999
923179;16.0;0.9999979999999999
927578;18.0;0.9999979999999999
931956;13.0;0.9999979999999999
936375;21.0;0.9999979999999999
940756;16.0;0.9999979999999999
945184;24.0;0.9999979999999999
949621;26.0;0.9999979999999999
954037;8.0;0.9999979999999999
958494;18.0;0.9999979999999999
962945;19.0;0.9999979999999999
967403;3.0;0.9999979999999999
971841;3.0;0.9999979999999999
976252;17.0;0.9999979999999999
980714;12.0;0.9999979999999999
985112;32.0;0.9999979999999999
989553;25.0;0.9999979999999999
993998;9.0;0.9999979999999999
998431;31.0;0.9999979999999999
1002855;26.0;0.9999979999999999
1007277;7.0;0.9999979999999999
1011713;6.0;0.9999979999999999
1016145;13.0;0.9999979999999999
1020546;19.0;0.9999979999999999
1024948;30.0;0.9999979999999999
1029368;2.0;0.9999979999999999
1033797;15.0;0.9999979999999999
1038266;18.0;0.9999979999999999
1042713;20.0;0.9999979999999999
1047149;35.0;0.9999979999999999
1051560;2.0;0.9999979999999999
1055985;15.0;0.9999979999999999
1060391;27.0;0.9999979999999999
1064839;34.0;0.9999979999999999
1069232;9.0;0.9999979999999999
1073679;29.0;0.9999979999999999
1078098;34.0;0.9999979999999999
1082529;18.0;0.9999979999999999
1086941;20.0;0.9999979999999999
1091388;14.0;0.9999979999999999
1095829;23.0;0.9999979999999999
1100242;36.0;0.9999979999999999
1104686;27.0;0.9999979999999999
1109105;18.0;0.9999979999999999
1113511;16.0;0.9999979999999999
1117930;24.0;0.9999979999999999
1122369;20.0;0.9999979999999999
1126823;28.0;0.9999979999999999
1131239;31.0;0.9999979999999999
1135652;11.0;0.9999979999999999
1140076;28.0;0.9999979999999999
1144492;26.0;0.9999979999999999
1148922;15.0;0.9999979999999999
1153367;39.0;0.9999979999999999
1157785;7.0;0.9999979999999999
1162207;39.0;0.9999979999999999
1166644;23.0;0.9999979999999999
1171089;23.0;0.9999979999999999
1175518;8.0;0.9999979999999999
1179934;6.0;0.9999979999999999
1184344;1.0;0.9999979999999999
1188760;14.0;0.9999979999999999
1193182;22.0;0.9999979999999999
1197626;18.0;0.9999979999999999
1202037;30.0;0.9999979999999999
1206440;10.0;0.9999979999999999
1210857;22.0;0.9999979999999999
1215276;11.0;0.9999979999999999
1219668;29.0;0.9999979999999999
1224122;13.0;0.9999979999999999
1228561;61.0;0.9999979999999999
1232999;53.0;0.9999979999999999
1237381;28.0;0.9999979999999999
1241801;29.0;0.9999979999999999
1246232;24.0;0.9999979999999999
1250607;59.0;0.9999979999999999
1255047;38.0;0.9999979999999999
1259452;29.0;0.9999979999999999
1263873;55.0;0.9999979999999999
1268281;33.0;0.9999979999999999
1272723;40.0;0.9999979999999999
1277157;29.0;0.9999979999999999
1281581;15.0;0.9999979999999999
1285962;23.0;0.9999979999999999
1290398;34.0;0.9999979999999999
1294819;38.0;0.9999979999999999
1299247;27.0;0.9999979999999999
1303694;31.0;0.9999979999999999
1308130;0.0;0.9999979999999999
1312587;6.0;0.9999979999999999
1317029;14.0;0.9999979999999999
1321470;29.0;0.9999979999999999
1325903;52.0;0.9999979999999999
1330334;11.0;0.9999979999999999
1334758;36.0;0.9999979999999999
1339185;34.0;0.9999979999999999
1343611;18.0;0.9999979999999999
1348033;37.0;0.9999979999999999
1352441;26.0;0.9999979999999999
1356850;6.0;0.9999979999999999
1361263;37.0;0.9999979999999999
1365692;46.0;0.9999979999999999
1370125;7.0;0.9999979999999999
1374555;0.0;0.9999979999999999
1378990;38.0;0.9999979999999999
1383459;30.0;0.9999979999999999
1387880;18.0;0.9999979999999999
1392323;19.0;0.9999979999999999
1396759;26.0;0.9999979999999999
1401210;46.0;0.9999979999999999
1405622;18.0;0.9999979999999999
1410033;23.0;0.9999979999999999
1414456;21.0;0.9999979999999999
1418892;30.0;0.9999979999999999
1423313;24.0;0.9999979999999999
1427746;3.0;0.9999979999999999
1432187;34.0;0.9999979999999999
1436594;0.0;0.9999979999999999
1441025;5.0;0.9999979999999999
1445414;33.0;0.9999979999999999
1449823;18.0;0.9999979999999999
1454222;22.0;0.9999979999999999
1458625;47.0;0.9999979999999999
1463056;34.0;0.9999979999999999
1467454;44.0;0.9999979999999999
1471888;27.0;0.9999979999999999
1476326;31.0;0.9999979999999999
1480744;3.0;0.9999979999999999
1485204;23.0;0.9999979999999999
1489642;28.0;0.9999979999999999
1494079;19.0;0.9999979999999999
1498501;47.0;0.9999979999999999
1502910;25.0;0.9999979999999999
1507320;32.0;0.9999979999999999
1511708;92.0;0.9999979999999999
1516115;1.0;0.9999979999999999
1520542;26.0;0.9999979999999999
1524966;14.0;0.9999979999999999
1529404;30.0;0.9999979999999999
1533799;28.0;0.9999979999999999
1538238;87.0;0.9999979999999999
1542663;47.0;0.9999979999999999
1547114;34.0;0.9999979999999999
1551547;24.0;0.9999979999999999
1555960;39.0;0.9999979999999999
1560326;74.0;0.9999979999999999
1564774;55.0;0.9999979999999999
1569198;36.0;0.9999979999999999
1573633;19.0;0.9999979999999999
1578038;28.0;0.9999979999999999
1582487;41.0;0.9999979999999999
1586871;69.0;0.9999979999999999
1591325;84.0;0.9999979999999999
1595775;26.0;0.9999979999999999
1600185;3.0;0.9999979999999999
1604589;26.0;0.9999979999999999
1609002;56.0;0.9999979999999999
1613427;48.0;0.9999979999999999
1617886;29.0;0.9999979999999999
1622333;12.0;0.9999979999999999
1626765;35.0;0.9999979999999999
1631184;43.0;0.9999979999999999
1635622;72.0;0.9999979999999999
1640056;54.0;0.9999979999999999
1644442;59.0;0.9999979999999999
1648858;28.0;0.9999979999999999
1653257;109.0;0.9999979999999999
1657718;10.0;0.9999979999999999
1662153;89.0;0.9999979999999999
1666551;53.0;0.9999979999999999
1670958;64.0;0.9999979999999999
1675406;43.0;0.9999979999999999
1679831;43.0;0.9999979999999999
1684272;105.0;0.9999979999999999
1688672;31.0;0.9999979999999999
1693086;57.0;0.9999979999999999
1697495;55.0;0.9999979999999999
1701879;49.0;0.9999979999999999
1706316;34.0;0.9999979999999999
1710717;21.0;0.9999979999999999
1715180;44.0;0.9999979999999999
1719587;80.0;0.9999979999999999
1724007;41.0;0.9999979999999999
1728427;52.0;0.9999979999999999
1732886;127.0;0.9999979999999999
1737299;74.0;0.9999979999999999
1741723;52.0;0.9999979999999999
1746103;27.0;0.9999979999999999
1750517;51.0;0.9999979999999999
1754925;85.0;0.9999979999999999
1759353;84.0;0.9999979999999999
1763764;60.0;0.9999979999999999
1768218;104.0;0.9999979999999999
1772665;55.0;0.9999979999999999
1777076;115.0;0.9999979999999999
1781489;44.0;0.9999979999999999
1785901;80.0;0.9999979999999999
1790315;100.0;0.9999979999999999
1794758;92.0;0.9999979999999999
1799215;93.0;0.9999979999999999
1803646;31.0;0.9999979999999999
1808095;95.0;0.9999979999999999
1812482;68.0;0.9999979999999999
1816911;36.0;0.9999979999999999
1821304;87.0;0.9999979999999999
1825755;65.0;0.9999979999999999
1830183;95.0;0.9999979999999999
1834617;70.0;0.9999979999999999
1839056;82.0;0.9999979999999999
1843476;99.0;0.9999979999999999
1847893;51.0;0.9999979999999999
1852337;78.0;0.9999979999999999
1856801;99.0;0.9999979999999999
1861255;49.0;0.9999979999999999
1865725;91.0;0.9999979999999999
1870160;61.0;0.9999979999999999
1874623;30.0;0.9999979999999999
1879060;129.0;0.9999979999999999
1883476;90.0;0.9999979999999999
1887904;72.0;0.9999979999999999
1892361;118.0;0.9999979999999999
1896784;53.0;0.9999979999999999
1901198;92.0;0.9999979999999999
1905595;126.0;0.9999979999999999
1910006;119.0;0.9999979999999999
1914415;104.0;0.9999979999999999
1918843;82.0;0.9999979999999999
1923292;105.0;0.9999979999999999
1927709;23.0;0.9999979999999999
1932134;76.0;0.9999979999999999
1936566;118.0;0.9999979999999999
1940991;127.0;0.9999979999999999
1945402;78.0;0.9999979999999999
1949832;96.0;0.9999979999999999
1954263;79.0;0.9999979999999999
1958689;109.0;0.9999979999999999
1963089;57.0;0.9999979999999999
1967510;97.0;0.9999979999999999
1971930;67.0;0.9999979999999999
1976343;83.0;0.9999979999999999
1980761;92.0;0.9999979999999999
1985216;141.0;0.9999979999999999
1989665;83.0;0.9999979999999999
1994100;86.0;0.9999979999999999
1998540;99.0;0.9999979999999999
2003009;85.0;0.9999979999999999
2007458;60.0;0.9999979999999999
2011867;98.0;0.9999979999999999
2016276;92.0;0.9999979999999999
2020761;102.0;0.9999979999999999
2025205;112.0;0.9999979999999999
2029628;111.0;0.9999979999999999
2034024;99.0;0.9999979999999999
2038459;124.0;0.9999979999999999
2042878;45.0;0.9999979999999999
2047265;105.0;0.9999979999999999
2051705;82.0;0.9999979999999999
2056109;127.0;0.9999979999999999
2060521;107.0;0.9999979999999999
2064961;113.0;0.9999979999999999
2069386;81.0;0.9999979999999999
2073767;158.0;0.9999979999999999
2078174;101.0;0.9999979999999999
2082616;115.0;0.9999979999999999
2087028;54.0;0.9999979999999999
2091460;126.0;0.9999979999999999
2095871;65.0;0.9999979999999999
2100332;95.0;0.9999979999999999
2104790;85.0;0.9999979999999999
2109253;62.0;0.9999979999999999
2113681;129.0;0.9999979999999999
2118049;90.0;0.9999979999999999
2122470;136.0;0.9999979999999999
2126919;111.0;0.9999979999999999
2131329;129.0;0.9999979999999999
2135738;119.0;0.9999979999999999
2140136;62.0;0.9999979999999999
2144576;108.0;0.9999979999999999
2148982;87.0;0.9999979999999999
2153406;95.0;0.9999979999999999
2157831;119.0;0.9999979999999999
2162259;118.0;0.9999979999999999
2166682;124.0;0.9999979999999999
2171132;107.0;0.9999979999999999
2175535;111.0;0.9999979999999999
2179944;131.0;0.9999979999999999
2184359;110.0;0.9999979999999999
2188754;115.0;0.9999979999999999
2193145;113.0;0.9999979999999999
2197601;139.0;0.9999979999999999
2202021;108.0;0.9999979999999999
2206446;106.0;0.9999979999999999
2210875;102.0;0.9999979999999999
2215272;133.0;0.9999979999999999
2219669;107.0;0.9999979999999999
2224061;118.0;0.9999979999999999
2228470;151.0;0.9999979999999999
2232883;129.0;0.9999979999999999
2237323;119.0;0.9999979999999999
2241735;159.0;0.9999979999999999
2246172;146.0;0.9999979999999999
2250554;63.0;0.9999979999999999
2254968;113.0;0.9999979999999999
2259410;171.0;0.9999979999999999
2263805;164.0;0.9999979999999999
2268244;127.0;0.9999979999999999
2272631;119.0;0.9999979999999999
2277057;112.0;0.9999979999999999
2281482;134.0;0.9999979999999999
2285921;178.0;0.9999979999999999
2290363;133.0;0.9999979999999999
2294769;187.0;0.9999979999999999
2299184;101.0;0.9999979999999999
2303597;118.0;0.9999979999999999
2308038;145.0;0.9999979999999999
2312479;133.0;0.9999979999999999
2316918;126.0;0.9999979999999999
2321307;114.0;0.9999979999999999
2325746;124.0;0.9999979999999999
2330202;168.0;0.9999979999999999
2334611;104.0;0.9999979999999999
2339033;150.0;0.9999979999999999
2343467;147.0;0.9999979999999999
2347898;89.0;0.9999979999999999
2352317;106.0;0.9999979999999999
2356760;130.0;0.9999979999999999
2361199;135.0;0.9999979999999999
2365647;136.0;0.9999979999999999
2370096;149.0;0.9999979999999999
2374526;145.0;0.9999979999999999
2378961;186.0;0.9999979999999999
2383381;154.0;0.9999979999999999
2387821;157.0;0.9999979999999999
2392233;139.0;0.9999979999999999
2396674;141.0;0.9999979999999999
2401138;140.0;0.9999979999999999
2405553;115.0;0.9999979999999999
2409980;155.0;0.9999979999999999
2414389;129.0;0.9999979999999999
2418807;136.0;0.9999979999999999
2423237;82.0;0.9999979999999999
2427658;123.0;0.9999979999999999
2432065;149.0;0.9999979999999999
2436490;139.0;0.9999979999999999
2440911;180.0;0.9999979999999999
2445362;174.0;0.9999979999999999
2449825;134.0;0.9999979999999999
2454246;146.0;0.9999979999999999
2458654;169.0;0.9999979999999999
2463043;198.0;0.9999979999999999
2467455;137.0;0.9999979999999999
2471891;166.0;0.9999979999999999
2476341;127.0;0.9999979999999999
2480772;159.0;0.9999979999999999
2489631;296.0;0.9999979999999999
2494023;156.0;0.9999979999999999
2498458;157.0;0.9999979999999999
2502903;108.0;0.9999979999999999
2507358;158.0;0.9999979999999999
2511783;130.0;0.9999979999999999
2516199;189.0;0.9999979999999999
2520585;167.0;0.9999979999999999
2524994;179.0;0.9999979999999999
2529447;133.0;0.9999979999999999
2533882;164.0;0.9999979999999999
2538335;179.0;0.9999979999999999
2542753;161.0;0.9999979999999999
2547177;189.0;0.9999979999999999
2556039;336.0;0.9999979999999999
2560451;196.0;0.9999979999999999
2564884;172.0;0.9999979999999999
2569326;156.0;0.9999979999999999
2573769;156.0;0.9999979999999999
2578199;184.0;0.9999979999999999
2582626;175.0;0.9999979999999999
2591519;341.0;0.9999979999999999
2595931;146.0;0.9999979999999999
2600362;179.0;0.9999979999999999
2604774;183.0;0.9999979999999999
2609202;176.0;0.9999979999999999
2613625;173.0;0.9999979999999999
2622458;445.0;0.9999979999999999
2626880;183.0;0.9999979999999999
2631298;146.0;0.9999979999999999
2635755;145.0;0.9999979999999999
2640155;180.0;0.9999979999999999
2644615;194.0;0.9999979999999999
2648997;197.0;0.9999979999999999
2653418;175.0;0.9999979999999999
2657840;169.0;0.9999979999999999
2662258;148.0;0.9999979999999999
2671144;322.0;0.9999979999999999
2679953;388.0;0.9999979999999999
2688825;318.0;0.9999979999999999
2693232;180.0;0.9999979999999999
2697669;199.0;0.9999979999999999
2702076;149.0;0.9999979999999999
2710931;278.0;0.9999979999999999
2715362;186.0;0.9999979999999999
2724266;330.0;0.9999979999999999
2733131;363.0;0.9999979999999999
2742000;387.0;0.9999979999999999
2750903;410.0;0.9999979999999999
2755353;144.0;0.9999979999999999
2764238;363.0;0.9999979999999999
2773078;370.0;0.9999979999999999
2781944;378.0;0.9999979999999999
2786373;193.0;0.9999979999999999
2795207;370.0;0.9999979999999999
2804065;492.0;0.9999979999999999
2812921;405.0;0.9999979999999999
2821817;380.0;0.9999979999999999
2830687;434.0;0.9999979999999999
2839557;472.0;0.9999979999999999
2848398;457.0;0.9999979999999999
2857256;393.0;0.9999979999999999
2866152;348.0;0.9999979999999999
2875034;372.0;0.9999979999999999
2883910;419.0;0.9999979999999999
2892763;409.0;0.9999979999999999
2901623;394.0;0.9999979999999999
2910546;383.0;0.9999979999999999
2919435;386.0;0.9999979999999999
2928370;389.0;0.9999979999999999
2937232;347.0;0.9999979999999999
2941677;192.0;0.9999979999999999
2950514;389.0;0.9999979999999999
2959406;315.0;0.9999979999999999
2968285;399.0;0.9999979999999999
2972736;179.0;0.9999979999999999
2981605;426.0;0.9999979999999999
2990491;405.0;0.9999979999999999
2999306;406.0;0.9999979999999999
3008196;388.0;0.9999979999999999
3017084;499.0;0.9999979999999999
3025953;394.0;0.9999979999999999
3034782;341.0;0.9999979999999999
3043684;435.0;0.9999979999999999
3052598;410.0;0.9999979999999999
3061529;420.0;0.9999979999999999
3065973;198.0;0.9999979999999999
3074808;351.0;0.9999979999999999
3083677;428.0;0.9999979999999999
3088120;192.0;0.9999979999999999
3096968;356.0;0.9999979999999999
3105876;371.0;0.9999979999999999
3114784;453.0;0.9999979999999999
3124779;588.0;0.9999979999999999
3133620;455.0;0.9999979999999999
3142456;424.0;0.9999979999999999
3151342;487.0;0.9999979999999999
3160190;416.0;0.9999979999999999
3170180;522.0;0.9999979999999999
3179035;474.0;0.9999979999999999
3187941;489.0;0.9999979999999999
3196863;413.0;0.9999979999999999
3205757;435.0;0.9999979999999999
3214634;469.0;0.9999979999999999
3223453;473.0;0.9999979999999999
3232273;466.0;0.9999979999999999
3241129;463.0;0.9999979999999999
3249966;415.0;0.9999979999999999
3258849;495.0;0.9999979999999999
3267734;455.0;0.9999979999999999
3276634;390.0;0.9999979999999999
3285508;461.0;0.9999979999999999
3295500;559.0;0.9999979999999999
3305478;575.0;0.9999979999999999
3314351;466.0;0.9999979999999999
3323192;447.0;0.9999979999999999
3333186;525.0;0.9999979999999999
3342035;491.0;0.9999979999999999
3346469;191.0;0.9999979999999999
3355325;475.0;0.9999979999999999
3364200;432.0;0.9999979999999999
3373051;363.0;0.9999979999999999
3381888;406.0;0.9999979999999999
3390762;459.0;0.9999979999999999
3399609;448.0;0.9999979999999999
3408431;379.0;0.9999979999999999
3417344;450.0;0.9999979999999999
3426206;450.0;0.9999979999999999
3435076;458.0;0.9999979999999999
3443941;466.0;0.9999979999999999
3452801;474.0;0.9999979999999999
3462784;560.0;0.9999979999999999
3471642;474.0;0.9999979999999999
3480507;485.0;0.9999979999999999
3489369;490.0;0.9999979999999999
3499344;556.0;0.9999979999999999
3508187;445.0;0.9999979999999999
3516978;467.0;0.9999979999999999
3525813;456.0;0.9999979999999999
3534669;469.0;0.9999979999999999
3543541;482.0;0.9999979999999999
3552422;489.0;0.9999979999999999
3562409;586.0;0.9999979999999999
3571255;476.0;0.9999979999999999
3580105;448.0;0.9999979999999999
3588926;479.0;0.9999979999999999
3597747;472.0;0.9999979999999999
3607743;584.0;0.9999979999999999
3617740;586.0;0.9999979999999999
3626570;466.0;0.9999979999999999
3636551;519.0;0.9999979999999999
3646537;530.0;0.9999979999999999
3656529;572.0;0.9999979999999999
3665389;489.0;0.9999979999999999
3674239;475.0;0.9999979999999999
3684235;578.0;0.9999979999999999
3694231;578.0;0.9999979999999999
3703092;444.0;0.9999979999999999
3711940;492.0;0.9999979999999999
3720814;473.0;0.9999979999999999
3730807;629.0;0.9999979999999999
3740796;567.0;0.9999979999999999
3750773;544.0;0.9999979999999999
3760749;636.0;0.9999979999999999
3770747;635.0;0.9999979999999999
3780746;553.0;0.9999979999999999
3789585;497.0;0.9999979999999999
3799563;555.0;0.9999979999999999
3809549;612.0;0.9999979999999999
3818391;497.0;0.9999979999999999
3827261;476.0;0.9999979999999999
3837252;611.0;0.9999979999999999
3847228;672.0;0.9999979999999999
3857215;557.0;0.9999979999999999
3866035;485.0;0.9999979999999999
3876019;543.0;0.9999979999999999
3884857;457.0;0.9999979999999999
3894833;539.0;0.9999979999999999
3904815;565.0;0.9999979999999999
3914804;589.0;0.9999979999999999
3924790;574.0;0.9999979999999999
3934766;605.0;0.9999979999999999
3944745;568.0;0.9999979999999999
3954722;544.0;0.9999979999999999
3964717;622.0;0.9999979999999999
3974694;566.0;0.9999979999999999
3984679;575.0;0.9999979999999999
3994670;573.0;0.9999979999999999
4004647;639.0;0.9999979999999999
4014632;517.0;0.9999979999999999
4024629;612.0;0.9999979999999999
4034624;540.0;0.9999979999999999
4044605;570.0;0.9999979999999999
4054591;555.0;0.9999979999999999
4064579;604.0;0.9999979999999999
4074573;552.0;0.9999979999999999
4084559;583.0;0.9999979999999999
4093413;461.0;0.9999979999999999
4103394;566.0;0.9999979999999999
4113375;575.0;0.9999979999999999
4123369;582.0;0.9999979999999999
4133345;587.0;0.9999979999999999
4142207;461.0;0.9999979999999999
4151074;471.0;0.9999979999999999
4159908;496.0;0.9999979999999999
4169888;578.0;0.9999979999999999
4179871;557.0;0.9999979999999999
4189858;546.0;0.9999979999999999
4199837;609.0;0.9999979999999999
4209822;580.0;0.9999979999999999
4219797;589.0;0.9999979999999999
4228659;478.0;0.9999979999999999
4238645;567.0;0.9999979999999999
4248632;580.0;0.9999979999999999
4258622;597.0;0.9999979999999999
4268605;619.0;0.9999979999999999
4278583;529.0;0.9999979999999999
4288578;569.0;0.9999979999999999
4298554;557.0;0.9999979999999999
4308544;599.0;0.9999979999999999
4318538;598.0;0.9999979999999999
4328527;614.0;0.9999979999999999
4338520;585.0;0.9999979999999999
4348495;625.0;0.9999979999999999
4358482;605.0;0.9999979999999999
4368477;601.0;0.9999979999999999
4377300;482.0;0.9999979999999999
4387288;636.0;0.9999979999999999
4397276;649.0;0.9999979999999999
4407267;593.0;0.9999979999999999
4417247;578.0;0.9999979999999999
4427237;631.0;0.9999979999999999
4437214;646.0;0.9999979999999999
4447206;622.0;0.9999979999999999
4457200;578.0;0.9999979999999999
4467194;559.0;0.9999979999999999
4477178;596.0;0.9999979999999999
4487159;556.0;0.9999979999999999
4497151;643.0;0.9999979999999999
4507135;604.0;0.9999979999999999
4517127;648.0;0.9999979999999999
4527108;554.0;0.9999979999999999
4537083;634.0;0.9999979999999999
4547076;597.0;0.9999979999999999
4557056;633.0;0.9999979999999999
4567039;618.0;0.9999979999999999
4577027;608.0;0.9999979999999999
4587005;609.0;0.9999979999999999
4596992;573.0;0.9999979999999999
4606971;670.0;0.9999979999999999
4616955;588.0;0.9999979999999999
4626950;538.0;0.9999979999999999
4636927;644.0;0.9999979999999999
4646921;625.0;0.9999979999999999
4655798;492.0;0.9999979999999999
4665788;600.0;0.9999979999999999
4675773;595.0;0.9999979999999999
4685763;583.0;0.9999979999999999
4695739;614.0;0.9999979999999999
4705728;621.0;0.9999979999999999
4715707;625.0;0.9999979999999999
4725696;588.0;0.9999979999999999
4735685;598.0;0.9999979999999999
4745684;589.0;0.9999979999999999
4755671;668.0;0.9999979999999999
4765662;638.0;0.9999979999999999
4775657;606.0;0.9999979999999999
4785650;575.0;0.9999979999999999
4795634;678.0;0.9999979999999999
4805610;643.0;0.9999979999999999
4815590;672.0;0.9999979999999999
4825581;617.0;0.9999979999999999
4835570;602.0;0.9999979999999999
4845546;609.0;0.9999979999999999
4855536;582.0;0.9999979999999999
4865534;611.0;0.9999979999999999
4875518;567.0;0.9999979999999999
4885514;594.0;0.9999979999999999
4895508;548.0;0.9999979999999999
4905490;627.0;0.9999979999999999
4915476;635.0;0.9999979999999999
4925462;623.0;0.9999979999999999
4935454;655.0;0.9999979999999999
4945429;659.0;0.9999979999999999
4955410;625.0;0.9999979999999999
4965389;626.0;0.9999979999999999
4975373;578.0;0.9999979999999999
4985348;646.0;0.9999979999999999
4995343;635.0;0.9999979999999999
5005336;601.0;0.9999979999999999
5015313;612.0;0.9999979999999999
5025308;648.0;0.9999979999999999
5035304;577.0;0.9999979999999999
5045301;599.0;0.9999979999999999
5055277;600.0;0.9999979999999999
5065254;631.0;0.9999979999999999
5075238;619.0;0.9999979999999999
5085218;545.0;0.9999979999999999
5095197;611.0;0.9999979999999999
5105196;637.0;0.9999979999999999
5115190;620.0;0.9999979999999999
5125187;565.0;0.9999979999999999
5135163;575.0;0.9999979999999999
5145146;606.0;0.9999979999999999
5155134;620.0;0.9999979999999999
5165121;623.0;0.9999979999999999
5175097;573.0;0.9999979999999999
5185091;610.0;0.9999979999999999
5195090;602.0;0.9999979999999999
5205069;638.0;0.9999979999999999
5215048;606.0;0.9999979999999999
5225034;611.0;0.9999979999999999
5235019;652.0;0.9999979999999999
5245004;579.0;0.9999979999999999
5253898;491.0;0.9999979999999999
5263891;570.0;0.9999979999999999
5273870;593.0;0.9999979999999999
5283853;572.0;0.9999979999999999
5293831;594.0;0.9999979999999999
5303821;593.0;0.9999979999999999
5313815;589.0;0.9999979999999999
5323806;633.0;0.9999979999999999
5333805;641.0;0.9999979999999999
5343785;593.0;0.9999979999999999
5353780;550.0;0.9999979999999999
5363764;599.0;0.9999979999999999
5373754;622.0;0.9999979999999999
5383736;663.0;0.9999979999999999
5393718;650.0;0.9999979999999999
5403705;669.0;0.9999979999999999
5413690;647.0;0.9999979999999999
5423687;590.0;0.9999979999999999
5433681;604.0;0.9999979999999999
5443669;596.0;0.9999979999999999
5453657;593.0;0.9999979999999999
5463638;612.0;0.9999979999999999
5473613;656.0;0.9999979999999999
5483605;601.0;0.9999979999999999
5493603;592.0;0.9999979999999999
5503583;666.0;0.9999979999999999
5513564;638.0;0.9999979999999999
5523553;608.0;0.9999979999999999
5533531;636.0;0.9999979999999999
5543528;552.0;0.9999979999999999
5553505;560.0;0.9999979999999999
5563481;573.0;0.9999979999999999
5573473;608.0;0.9999979999999999
5583461;618.0;0.9999979999999999
5593442;573.0;0.9999979999999999
5603429;581.0;0.9999979999999999
5613420;573.0;0.9999979999999999
5623406;610.0;0.9999979999999999
5633398;600.0;0.9999979999999999
5643379;598.0;0.9999979999999999
5653359;609.0;0.9999979999999999
5663350;582.0;0.9999979999999999
5673325;608.0;0.9999979999999999
5683302;565.0;0.9999979999999999
5693282;548.0;0.9999979999999999
5703280;598.0;0.9999979999999999
5713259;655.0;0.9999979999999999
5723246;585.0;0.9999979999999999
5733242;638.0;0.9999979999999999
5743240;627.0;0.9999979999999999
5753238;645.0;0.9999979999999999
5763234;633.0;0.9999979999999999
5773213;617.0;0.9999979999999999
5783202;609.0;0.9999979999999999
5793183;636.0;0.9999979999999999
5803175;623.0;0.9999979999999999
5813167;666.0;0.9999979999999999
5823158;629.0;0.9999979999999999
5833140;636.0;0.9999979999999999
5843119;592.0;0.9999979999999999
5853112;577.0;0.9999979999999999
5863111;578.0;0.9999979999999999
5873099;598.0;0.9999979999999999
5883078;592.0;0.9999979999999999
5893053;600.0;0.9999979999999999
5903028;658.0;0.9999979999999999
5913007;554.0;0.9999979999999999
5922987;592.0;0.9999979999999999
5932982;633.0;0.9999979999999999
5942973;652.0;0.9999979999999999
5952961;615.0;0.9999979999999999
5962957;655.0;0.9999979999999999
5972940;664.0;0.9999979999999999
5982925;609.0;0.9999979999999999
5992919;600.0;0.9999979999999999
6002913;580.0;0.9999979999999999
6012904;646.0;0.9999979999999999
6022883;616.0;0.9999979999999999
6032879;655.0;0.9999979999999999
6042868;622.0;0.9999979999999999
6052862;588.0;0.9999979999999999
6062849;601.0;0.9999979999999999
6072841;620.0;0.9999979999999999
6082823;619.0;0.9999979999999999
6092799;584.0;0.9999979999999999
6102782;644.0;0.9999979999999999
6112759;625.0;0.9999979999999999
6122734;561.0;0.9999979999999999
6132726;601.0;0.9999979999999999
6142705;636.0;0.9999979999999999
6152686;642.0;0.9999979999999999
6162664;637.0;0.9999979999999999
6171504;468.0;0.9999979999999999
6181483;602.0;0.9999979999999999
6191478;624.0;0.9999979999999999
6201457;608.0;0.9999979999999999
6211436;652.0;0.9999979999999999
6221427;635.0;0.9999979999999999
6231407;627.0;0.9999979999999999
6241396;590.0;0.9999979999999999
6251384;596.0;0.9999979999999999
6261364;645.0;0.9999979999999999
6271352;661.0;0.9999979999999999
6281333;603.0;0.9999979999999999
6291321;589.0;0.9999979999999999
6301318;608.0;0.9999979999999999
6311314;617.0;0.9999979999999999
6321302;658.0;0.9999979999999999
6331294;661.0;0.9999979999999999
6341270;641.0;0.9999979999999999
6351260;588.0;0.9999979999999999
6360126;466.0;0.9999979999999999
6370116;643.0;0.9999979999999999
6380115;618.0;0.9999979999999999
6390098;586.0;0.9999979999999999
6400073;636.0;0.9999979999999999
6410048;611.0;0.9999979999999999
6420047;610.0;0.9999979999999999
6430046;686.0;0.9999979999999999
6440022;635.0;0.9999979999999999
6450005;639.0;0.9999979999999999
6459989;599.0;0.9999979999999999
6469973;596.0;0.9999979999999999
6479955;671.0;0.9999979999999999
6489937;586.0;0.9999979999999999
6499922;585.0;0.9999979999999999
6509899;606.0;0.9999979999999999
6518719;483.0;0.9999979999999999
6528714;571.0;0.9999979999999999
6538705;607.0;0.9999979999999999
6548703;683.0;0.9999979999999999
6558699;657.0;0.9999979999999999
6568695;617.0;0.9999979999999999
6578686;577.0;0.9999979999999999
6588683;571.0;0.9999979999999999
6598665;587.0;0.9999979999999999
6608654;607.0;0.9999979999999999
6618652;637.0;0.9999979999999999
6628649;635.0;0.9999979999999999
6637564;446.0;0.9999979999999999
6647559;666.0;0.9999979999999999
6657555;529.0;0.9999979999999999
6667538;650.0;0.9999979999999999
6677529;673.0;0.9999979999999999
6687515;583.0;0.9999979999999999
6697500;575.0;0.9999979999999999
6707492;555.0;0.9999979999999999
6717481;643.0;0.9999979999999999
6727475;586.0;0.9999979999999999
6737470;672.0;0.9999979999999999
6747452;644.0;0.9999979999999999
6757446;593.0;0.9999979999999999
6767441;626.0;0.9999979999999999
6777428;600.0;0.9999979999999999
6787417;605.0;0.9999979999999999
6797398;586.0;0.9999979999999999
6807394;618.0;0.9999979999999999
6817376;631.0;0.9999979999999999
6827365;625.0;0.9999979999999999
6837344;608.0;0.9999979999999999
6847334;632.0;0.9999979999999999
6857331;615.0;0.9999979999999999
6867308;605.0;0.9999979999999999
6877307;607.0;0.9999979999999999
6887302;595.0;0.9999979999999999
6897299;670.0;0.9999979999999999
6907282;643.0;0.9999979999999999
6917267;615.0;0.9999979999999999
6927244;576.0;0.9999979999999999
6937228;610.0;0.9999979999999999
6947204;607.0;0.9999979999999999
6957196;611.0;0.9999979999999999
6967174;594.0;0.9999979999999999
6977161;630.0;0.9999979999999999
6987148;634.0;0.9999979999999999
6997129;602.0;0.9999979999999999
7007115;582.0;0.9999979999999999
7017096;680.0;0.9999979999999999
7027091;602.0;0.9999979999999999
7037079;595.0;0.9999979999999999
7047077;625.0;0.9999979999999999
7057071;576.0;0.9999979999999999
7067047;660.0;0.9999979999999999
7077022;637.0;0.9999979999999999
7087012;633.0;0.9999979999999999
7096994;586.0;0.9999979999999999
7106981;563.0;0.9999979999999999
7116966;649.0;0.9999979999999999
7126951;554.0;0.9999979999999999
7136946;575.0;0.9999979999999999
7146940;672.0;0.9999979999999999
7156921;642.0;0.9999979999999999
7166906;584.0;0.9999979999999999
7176904;609.0;0.9999979999999999
7186902;649.0;0.9999979999999999
7196897;555.0;0.9999979999999999
7205758;485.0;0.9999979999999999
7215757;638.0;0.9999979999999999
7225732;622.0;0.9999979999999999
7235731;644.0;0.9999979999999999
7245726;638.0;0.9999979999999999
7255716;599.0;0.9999979999999999
7265692;613.0;0.9999979999999999
7275688;591.0;0.9999979999999999
7285665;588.0;0.9999979999999999
7295656;596.0;0.9999979999999999
7305652;614.0;0.9999979999999999
7315638;584.0;0.9999979999999999
7325634;598.0;0.9999979999999999
7335612;609.0;0.9999979999999999
7345599;698.0;0.9999979999999999
7355576;633.0;0.9999979999999999
7365551;647.0;0.9999979999999999
7375530;607.0;0.9999979999999999
7385513;636.0;0.9999979999999999
7395500;652.0;0.9999979999999999
7405486;601.0;0.9999979999999999
7415466;620.0;0.9999979999999999
7425453;623.0;0.9999979999999999
7435434;645.0;0.9999979999999999
7445430;641.0;0.9999979999999999
7455419;617.0;0.9999979999999999
7465405;637.0;0.9999979999999999
7475387;636.0;0.9999979999999999
7485386;654.0;0.9999979999999999
7495383;675.0;0.9999979999999999
7505372;684.0;0.9999979999999999
7515359;624.0;0.9999979999999999
7525355;636.0;0.9999979999999999
7535342;684.0;0.9999979999999999
7545334;605.0;0.9999979999999999
7555319;653.0;0.9999979999999999
7565294;658.0;0.9999979999999999
7575283;619.0;0.9999979999999999
7585282;641.0;0.9999979999999999
7595262;602.0;0.9999979999999999
7605252;615.0;0.9999979999999999
7615251;622.0;0.9999979999999999
7625250;631.0;0.9999979999999999
7635246;601.0;0.9999979999999999
7645229;615.0;0.9999979999999999
7655223;595.0;0.9999979999999999
7665202;579.0;0.9999979999999999
7675186;658.0;0.9999979999999999
7685183;642.0;0.9999979999999999
7695159;592.0;0.9999979999999999
7705135;610.0;0.9999979999999999
7715122;595.0;0.9999979999999999
7725099;631.0;0.9999979999999999
7735084;631.0;0.9999979999999999
7745074;622.0;0.9999979999999999
7755061;559.0;0.9999979999999999
7765041;645.0;0.9999979999999999
7775024;656.0;0.9999979999999999
7785003;638.0;0.9999979999999999
7794994;551.0;0.9999979999999999
7804982;631.0;0.9999979999999999
7814979;599.0;0.9999979999999999
7824977;631.0;0.9999979999999999
7834975;599.0;0.9999979999999999
7844952;591.0;0.9999979999999999
7854937;659.0;0.9999979999999999
7864913;580.0;0.9999979999999999
7874911;645.0;0.9999979999999999
7884896;680.0;0.9999979999999999
7894874;631.0;0.9999979999999999
7904860;646.0;0.9999979999999999
7914849;683.0;0.9999979999999999
7924824;592.0;0.9999979999999999
7934804;603.0;0.9999979999999999
7944782;606.0;0.9999979999999999
7954768;555.0;0.9999979999999999
7964745;573.0;0.9999979999999999
7974740;626.0;0.9999979999999999
7984719;617.0;0.9999979999999999
7994709;596.0;0.9999979999999999
8004701;624.0;0.9999979999999999
8014683;617.0;0.9999979999999999
8024680;664.0;0.9999979999999999
8034663;607.0;0.9999979999999999
8044646;639.0;0.9999979999999999
8054625;592.0;0.9999979999999999
8064613;656.0;0.9999979999999999
8074593;605.0;0.9999979999999999
8084590;572.0;0.9999979999999999
8094587;627.0;0.9999979999999999
8104583;620.0;0.9999979999999999
8114575;500.0;0.9999979999999999
8124554;647.0;0.9999979999999999
8134543;639.0;0.9999979999999999
8144518;650.0;0.9999979999999999
8154506;581.0;0.9999979999999999
8164491;607.0;0.9999979999999999
8174475;615.0;0.9999979999999999
8183369;462.0;0.9999979999999999
8193346;628.0;0.9999979999999999
8203323;639.0;0.9999979999999999
8213304;653.0;0.9999979999999999
8217764;196.0;0.9999979999999999
8227743;614.0;0.9999979999999999
8237724;584.0;0.9999979999999999
8247705;627.0;0.9999979999999999
8257690;619.0;0.9999979999999999
8267681;617.0;0.9999979999999999
8277665;596.0;0.9999979999999999
8287652;589.0;0.9999979999999999
8297650;545.0;0.9999979999999999
8307636;655.0;0.9999979999999999
8317629;631.0;0.9999979999999999
8327623;589.0;0.9999979999999999
8337622;668.0;0.9999979999999999
8347621;621.0;0.9999979999999999
8356487;485.0;0.9999979999999999
8366468;669.0;0.9999979999999999
8376459;637.0;0.9999979999999999
8386444;611.0;0.9999979999999999
8396440;598.0;0.9999979999999999
8406426;616.0;0.9999979999999999
8416403;679.0;0.9999979999999999
8426378;593.0;0.9999979999999999
8436372;640.0;0.9999979999999999
8446348;624.0;0.9999979999999999
8456344;562.0;0.9999979999999999
8466325;630.0;0.9999979999999999
8476303;642.0;0.9999979999999999
8486281;651.0;0.9999979999999999
8496272;608.0;0.9999979999999999
8506258;647.0;0.9999979999999999
8516257;570.0;0.9999979999999999
8526248;569.0;0.9999979999999999
8536233;655.0;0.9999979999999999
8546217;621.0;0.9999979999999999
8556202;651.0;0.9999979999999999
8566180;592.0;0.9999979999999999
8576156;579.0;0.9999979999999999
8586131;630.0;0.9999979999999999
8596123;598.0;0.9999979999999999
8606117;590.0;0.9999979999999999
8616098;604.0;0.9999979999999999
8626080;632.0;0.9999979999999999
8636078;630.0;0.9999979999999999
8646068;598.0;0.9999979999999999
8656059;635.0;0.9999979999999999
8666053;591.0;0.9999979999999999
8676032;615.0;0.9999979999999999
8686022;586.0;0.9999979999999999
8696010;563.0;0.9999979999999999
8705986;609.0;0.9999979999999999
8715965;616.0;0.9999979999999999
8725947;609.0;0.9999979999999999
8735935;612.0;0.9999979999999999
8745911;617.0;0.9999979999999999
8755889;684.0;0.9999979999999999
8760295;190.0;0.9999979999999999
8770271;609.0;0.9999979999999999
8780267;633.0;0.9999979999999999
8790263;642.0;0.9999979999999999
8800243;642.0;0.9999979999999999
8810232;667.0;0.9999979999999999
8820224;650.0;0.9999979999999999
8830221;592.0;0.9999979999999999
8840207;647.0;0.9999979999999999
8850197;604.0;0.9999979999999999
8860173;655.0;0.9999979999999999
8870165;619.0;0.9999979999999999
8880157;629.0;0.9999979999999999
8890138;634.0;0.9999979999999999
8900115;649.0;0.9999979999999999
8910098;624.0;0.9999979999999999
8920081;629.0;0.9999979999999999
8930072;625.0;0.9999979999999999
8940049;613.0;0.9999979999999999
8950033;624.0;0.9999979999999999
8960031;587.0;0.9999979999999999
8970014;669.0;0.9999979999999999
8979992;645.0;0.9999979999999999
8989978;627.0;0.9999979999999999
8999966;686.0;0.9999979999999999
9009965;573.0;0.9999979999999999
9019944;646.0;0.9999979999999999
9029926;607.0;0.9999979999999999
9039910;574.0;0.9999979999999999
9049892;664.0;0.9999979999999999
9059882;641.0;0.9999979999999999
9069867;634.0;0.9999979999999999
9079852;613.0;0.9999979999999999
9089851;593.0;0.9999979999999999
9098748;480.0;0.9999979999999999
9108742;681.0;0.9999979999999999
9118738;601.0;0.9999979999999999
9128724;602.0;0.9999979999999999
9138699;567.0;0.9999979999999999
9148698;580.0;0.9999979999999999
9158690;581.0;0.9999979999999999
9168673;586.0;0.9999979999999999
9178669;578.0;0.9999979999999999
9188654;565.0;0.9999979999999999
9198652;595.0;0.9999979999999999
9208641;662.0;0.9999979999999999
9218635;588.0;0.9999979999999999
9228634;650.0;0.9999979999999999
9238614;577.0;0.9999979999999999
9248613;591.0;0.9999979999999999
9258588;607.0;0.9999979999999999
9268573;613.0;0.9999979999999999
9278569;573.0;0.9999979999999999
9288555;654.0;0.9999979999999999
9296584;500.0;0.9999979999999999
